Property Name,URI,Label,Domain,Range,Is Functional,Is Inverse Functional,Inverse Of,Sub-property Of (list),Comment
ActorMembership_ownedActorParameter,https://www.omg.org/spec/SysML#ActorMembership_ownedActorParameter,ownedActorParameter,ActorMembership,PartUsage,Yes,No,,ParameterMembership_ownedMemberParameter,<p>The <code>PartUsage</code> specifying the actor.</p>
AnnotatingElement_ownedAnnotatingRelationship,https://www.omg.org/spec/SysML#AnnotatingElement_ownedAnnotatingRelationship,ownedAnnotatingRelationship,AnnotatingElement,Annotation,Yes,No,Annotation_owningAnnotatingElement,,"<p>The <code>ownedRelationships</code> of this <code>AnnotatingElement</code> that are <code>Annotations</code>, for which this <code>AnnotatingElement</code> is the <code>annotatingElement</code>.</p>"
Annotation_owningAnnotatedElement,https://www.omg.org/spec/SysML#Annotation_owningAnnotatedElement,owningAnnotatedElement,Annotation,Element,Yes,No,,Annotation_annotatedElement | Relationship_owningRelatedElement,"<p>The <code>annotatedElement</code> of this <code>Annotation</code>, when it is also its <code>owningRelatedElement</code>.</p>"
Annotation_owningAnnotatingElement,https://www.omg.org/spec/SysML#Annotation_owningAnnotatingElement,owningAnnotatingElement,Annotation,AnnotatingElement,Yes,No,,Annotation_annotatingElement | Relationship_owningRelatedElement,"<p>The <code>annotatingElement</code> of this <code>Annotation</code>, when it is also its <code>owningRelatedElement</code>.</p>"
Classifier_ownedSubclassification,https://www.omg.org/spec/SysML#Classifier_ownedSubclassification,ownedSubclassification,Classifier,Subclassification,Yes,No,Subclassification_owningClassifier,,"<p>The <code>ownedSpecializations</code> of this <code>Classifier</code> that are <code>Subclassifications</code>, for which this <code>Classifier</code> is the <code>subclassifier</code>.</p>"
ConjugatedPortDefinition_ownedPortConjugator,https://www.omg.org/spec/SysML#ConjugatedPortDefinition_ownedPortConjugator,ownedPortConjugator,ConjugatedPortDefinition,PortConjugation,Yes,No,PortConjugation_conjugatedPortDefinition,,"<p>The <code>PortConjugation</code> that is the <code>ownedConjugator</code> of this <code>ConjugatedPortDefinition</code>, linking it to its <code>originalPortDefinition</code>.</p>"
Conjugation_owningType,https://www.omg.org/spec/SysML#Conjugation_owningType,owningType,Conjugation,Type,Yes,No,,Conjugation_conjugatedType | Relationship_owningRelatedElement,<p>The <code>conjugatedType</code> of this <code>Conjugation</code> that is also its <code>owningRelatedElement</code>.</p>
Definition_ownedAction,https://www.omg.org/spec/SysML#Definition_ownedAction,ownedAction,Definition,ActionUsage,No,No,,Definition_ownedOccurrence,<p>The <code>ActionUsages</code> that are <code>ownedUsages</code> of this <code>Definition</code>.</p>
Definition_ownedAllocation,https://www.omg.org/spec/SysML#Definition_ownedAllocation,ownedAllocation,Definition,AllocationUsage,No,No,,Definition_ownedConnection,<p>The <code>AllocationUsages</code> that are <code>ownedUsages</code> of this <code>Definition</code>.</p>
Definition_ownedAnalysisCase,https://www.omg.org/spec/SysML#Definition_ownedAnalysisCase,ownedAnalysisCase,Definition,AnalysisCaseUsage,No,No,,Definition_ownedCase,<p>The <code>AnalysisCaseUsages</code> that are <code>ownedUsages</code> of this <code>Definition</code>.</p>
Definition_ownedAttribute,https://www.omg.org/spec/SysML#Definition_ownedAttribute,ownedAttribute,Definition,AttributeUsage,No,No,,Definition_ownedUsage,<p>The <code>AttributeUsages</code> that are <code>ownedUsages</code> of this <code>Definition</code>.<p>
Definition_ownedCalculation,https://www.omg.org/spec/SysML#Definition_ownedCalculation,ownedCalculation,Definition,CalculationUsage,No,No,,Definition_ownedAction,<p>The <code>CalculationUsages</code> that are <code>ownedUsages</code> of this <code>Definition</code>.</p>
Definition_ownedCase,https://www.omg.org/spec/SysML#Definition_ownedCase,ownedCase,Definition,CaseUsage,No,No,,Definition_ownedCalculation,<p>The code>CaseUsages</code> that are <code>ownedUsages</code> of this <code>Definition</code>.</p>
Definition_ownedConcern,https://www.omg.org/spec/SysML#Definition_ownedConcern,ownedConcern,Definition,ConcernUsage,No,No,,Definition_ownedRequirement,<p>The <code>ConcernUsages</code> that are <code>ownedUsages</code> of this <code>Definition</code>.</p>
Definition_ownedConnection,https://www.omg.org/spec/SysML#Definition_ownedConnection,ownedConnection,Definition,ConnectorAsUsage,No,No,,Definition_ownedPart,"<p>The <code>ConnectorAsUsages</code> that are <code>ownedUsages</code> of this <code>Definition</code>. Note that this list includes <code>BindingConnectorAsUsages</code> and <code>SuccessionAsUsages</code>, even though these are <code>ConnectorAsUsages</code> but not <code>ConnectionUsages</code>.</p>"
Definition_ownedConstraint,https://www.omg.org/spec/SysML#Definition_ownedConstraint,ownedConstraint,Definition,ConstraintUsage,No,No,,Definition_ownedOccurrence,<p>The <code>ConstraintUsages</code> that are <code>ownedUsages</code> of this <code>Definition</code>.</p>
Definition_ownedEnumeration,https://www.omg.org/spec/SysML#Definition_ownedEnumeration,ownedEnumeration,Definition,EnumerationUsage,No,No,,Definition_ownedAttribute,<p>The <code>EnumerationUsages</code> that are <code>ownedUsages</code> of this <code>Definition</code>.<p>
Definition_ownedFlow,https://www.omg.org/spec/SysML#Definition_ownedFlow,ownedFlow,Definition,FlowConnectionUsage,No,No,,Definition_ownedConnection,<p>The <code>FlowConnectionUsages</code> that are <code>ownedUsages</code> of this <code>Definition</code>.</p>
Definition_ownedInterface,https://www.omg.org/spec/SysML#Definition_ownedInterface,ownedInterface,Definition,InterfaceUsage,No,No,,Definition_ownedConnection,<p>The <code>InterfaceUsages</code> that are <code>ownedUsages</code> of this <code>Definition</code>.</p>
Definition_ownedItem,https://www.omg.org/spec/SysML#Definition_ownedItem,ownedItem,Definition,ItemUsage,No,No,,Definition_ownedOccurrence,<p>The <code>ItemUsages</code> that are <code>ownedUsages</code> of this <code>Definition</code>.</p>
Definition_ownedMetadata,https://www.omg.org/spec/SysML#Definition_ownedMetadata,ownedMetadata,Definition,MetadataUsage,No,No,,Definition_ownedItem,<p>The <code>MetadataUsages</code> that are <code>ownedUsages</code> of this <code>Definition</code>.</p>
Definition_ownedOccurrence,https://www.omg.org/spec/SysML#Definition_ownedOccurrence,ownedOccurrence,Definition,OccurrenceUsage,No,No,,Definition_ownedUsage,<p>The <code>OccurrenceUsages</code> that are <code>ownedUsages</code> of this <code>Definition</code>.</p>
Definition_ownedPart,https://www.omg.org/spec/SysML#Definition_ownedPart,ownedPart,Definition,PartUsage,No,No,,Definition_ownedItem,<p>The <code>PartUsages</code> that are <code>ownedUsages</code> of this <code>Definition</code>.</p>
Definition_ownedPort,https://www.omg.org/spec/SysML#Definition_ownedPort,ownedPort,Definition,PortUsage,No,No,,Definition_ownedUsage,<p>The <code>PortUsages</code> that are <code>ownedUsages</code> of this <code>Definition</code>.</p>
Definition_ownedReference,https://www.omg.org/spec/SysML#Definition_ownedReference,ownedReference,Definition,ReferenceUsage,No,No,,Definition_ownedUsage,<p>The <code>ReferenceUsages</code> that are <code>ownedUsages</code> of this <code>Definition</code>.</p>
Definition_ownedRendering,https://www.omg.org/spec/SysML#Definition_ownedRendering,ownedRendering,Definition,RenderingUsage,No,No,,Definition_ownedPart,<p>The <code>RenderingUsages</code> that are <code>ownedUsages</code> of this <code>Definition</code>.</p>
Definition_ownedRequirement,https://www.omg.org/spec/SysML#Definition_ownedRequirement,ownedRequirement,Definition,RequirementUsage,No,No,,Definition_ownedConstraint,<p>The <code>RequirementUsages</code> that are <code>ownedUsages</code> of this <code>Definition</code>.</p>
Definition_ownedState,https://www.omg.org/spec/SysML#Definition_ownedState,ownedState,Definition,StateUsage,No,No,,Definition_ownedAction,<p>The <code>StateUsages</code> that are <code>ownedUsages</code> of this <code>Definition</code>.</p>
Definition_ownedTransition,https://www.omg.org/spec/SysML#Definition_ownedTransition,ownedTransition,Definition,TransitionUsage,No,No,,Definition_ownedUsage,<p>The <code>TransitionUsages</code> that are <code>ownedUsages</code> of this <code>Definition</code>.</p>
Definition_ownedUsage,https://www.omg.org/spec/SysML#Definition_ownedUsage,ownedUsage,Definition,Usage,No,No,,Definition_usage | Type_ownedFeature,<p>The <code>Usages</code> that are <code>ownedFeatures</code> of this <code>Definition</code>.</p>
Definition_ownedUseCase,https://www.omg.org/spec/SysML#Definition_ownedUseCase,ownedUseCase,Definition,UseCaseUsage,No,No,,Definition_ownedCase,<p>The <code>UseCaseUsages</code> that are <code>ownedUsages</code> of this <code>Definition</code>.</p>
Definition_ownedVerificationCase,https://www.omg.org/spec/SysML#Definition_ownedVerificationCase,ownedVerificationCase,Definition,VerificationCaseUsage,No,No,,Definition_ownedCase,<p>The <code>VerificationCaseUsages</code> that are <code>ownedUsages</code> of this <code>Definition</code>.</p>
Definition_ownedView,https://www.omg.org/spec/SysML#Definition_ownedView,ownedView,Definition,ViewUsage,No,No,,Definition_ownedPart,<p>The <code>ViewUsages</code> that are <code>ownedUsages</code> of this <code>Definition</code>.</p>
Definition_ownedViewpoint,https://www.omg.org/spec/SysML#Definition_ownedViewpoint,ownedViewpoint,Definition,ViewpointUsage,No,No,,Definition_ownedRequirement,<p>The <code>ViewpointUsages</code> that are <code>ownedUsages</code> of this <code>Definition</code>.</p>
Disjoining_owningType,https://www.omg.org/spec/SysML#Disjoining_owningType,owningType,Disjoining,Type,Yes,No,,Disjoining_typeDisjoined | Relationship_owningRelatedElement,<p>A <code>typeDisjoined</code> that is also an <code>owningRelatedElement</code>.</p>
Element_ownedAnnotation,https://www.omg.org/spec/SysML#Element_ownedAnnotation,ownedAnnotation,Element,Annotation,Yes,No,Annotation_owningAnnotatedElement,,"<p>The <code>ownedRelationships</code> of this <code>Element</code> that are <code>Annotations</code>, for which this <code>Element</code> is the <code>annotatedElement</code>.</code>"
Element_ownedElement,https://www.omg.org/spec/SysML#Element_ownedElement,ownedElement,Element,Element,No,No,,,"<p>The Elements owned by this Element, derived as the <tt>ownedRelatedElements</tt> of the <tt>ownedRelationships</tt> of this Element.</p>"
Element_ownedRelationship,https://www.omg.org/spec/SysML#Element_ownedRelationship,ownedRelationship,Element,Relationship,Yes,No,Relationship_owningRelatedElement,,<p>The Relationships for which this Element is the <tt>owningRelatedElement</tt>.</p>
Element_owner,https://www.omg.org/spec/SysML#Element_owner,owner,Element,Element,No,No,Element_ownedElement,,"<p>The owner of this Element, derived as the <code>owningRelatedElement</code> of the <code>owningRelationship</code> of this Element, if any.</p>"
Element_owningMembership,https://www.omg.org/spec/SysML#Element_owningMembership,owningMembership,Element,OwningMembership,Yes,No,OwningMembership_ownedMemberElement,,"<p>The <code>owningRelationship</code> of this <code>Element</code>, if that <code>Relationship</code> is a <code>Membership</code>.</p>"
Element_owningNamespace,https://www.omg.org/spec/SysML#Element_owningNamespace,owningNamespace,Element,Namespace,No,No,Namespace_ownedMember,,"<p>The <code>Namespace</code> that owns this <code>Element</code>, which is the <code>membershipOwningNamespace</code> of the <code>owningMembership</code> of this <code>Element</code>, if any.</p>"
Element_owningRelationship,https://www.omg.org/spec/SysML#Element_owningRelationship,owningRelationship,Element,Relationship,No,No,Relationship_ownedRelatedElement,,"<p>The Relationship for which this Element is an <tt>ownedRelatedElement</tt>, if any.</p>"
FeatureInverting_owningFeature,https://www.omg.org/spec/SysML#FeatureInverting_owningFeature,owningFeature,FeatureInverting,Feature,Yes,No,,FeatureInverting_featureInverted | Relationship_owningRelatedElement,<p>A <code>featureInverted</code> that is also the <code>owningRelatedElement</code> of this <code>FeatureInverting</code>.</p>
FeatureMembership_ownedMemberFeature,https://www.omg.org/spec/SysML#FeatureMembership_ownedMemberFeature,ownedMemberFeature,FeatureMembership,Feature,Yes,No,,Featuring_feature | OwningMembership_ownedMemberElement,"<p>The <code>Feature</code> that this <code>FeatureMembership</code> relates to its <code>owningType</code>, making it an <code>ownedFeature</code> of the <code>owningType</code>.</p>"
FeatureMembership_owningType,https://www.omg.org/spec/SysML#FeatureMembership_owningType,owningType,FeatureMembership,Type,Yes,No,,Featuring_type | Membership_membershipOwningNamespace,<p>The <code>Type</code> that owns this <code>FeatureMembership</code>.</p>
FeatureTyping_owningFeature,https://www.omg.org/spec/SysML#FeatureTyping_owningFeature,owningFeature,FeatureTyping,Feature,Yes,No,,FeatureTyping_typedFeature | Specialization_owningType,<p>A <code>typedFeature</code> that is also the <code>owningRelatedElement</code> of this <code>FeatureTyping</code>.</p>
Feature_ownedFeatureChaining,https://www.omg.org/spec/SysML#Feature_ownedFeatureChaining,ownedFeatureChaining,Feature,FeatureChaining,Yes,No,FeatureChaining_featureChained,,"<p>The <code>ownedRelationships</code> of this <code>Feature</code> that are <code>FeatureChainings</code>, for which the <code>Feature</code> will be the <code>featureChained</code>.</p>"
Feature_ownedFeatureInverting,https://www.omg.org/spec/SysML#Feature_ownedFeatureInverting,ownedFeatureInverting,Feature,FeatureInverting,Yes,No,FeatureInverting_owningFeature,,<p>The <code>ownedRelationships</code> of this <code>Feature</code> that are <code>FeatureInvertings</code> and for which the <code>Feature</code> is the <code>featureInverted</code>.</p>
Feature_ownedRedefinition,https://www.omg.org/spec/SysML#Feature_ownedRedefinition,ownedRedefinition,Feature,Redefinition,No,No,,Feature_ownedSubsetting,"<p>The <code>ownedSubsettings</code> of this <code>Feature</code> that are <code>Redefinitions</code>, for which the <code>Feature</code> is the <code>redefiningFeature</code>.</p>"
Feature_ownedReferenceSubsetting,https://www.omg.org/spec/SysML#Feature_ownedReferenceSubsetting,ownedReferenceSubsetting,Feature,ReferenceSubsetting,Yes,No,ReferenceSubsetting_referencingFeature,,"<p>The one <code>ownedSubsetting</code> of this <code>Feature</code>, if any, that is a <code>ReferenceSubsetting</code>, for which the <code>Feature</code> is the <code>referencingFeature</code>.</p>"
Feature_ownedSubsetting,https://www.omg.org/spec/SysML#Feature_ownedSubsetting,ownedSubsetting,Feature,Subsetting,Yes,No,Subsetting_owningFeature,,"<p>The <code>ownedSpecializations</code> of this <code>Feature</code> that are <code>Subsettings</code>, for which the <code>Feature</code> is the <code>subsettingFeature</code>.</p>"
Feature_ownedTypeFeaturing,https://www.omg.org/spec/SysML#Feature_ownedTypeFeaturing,ownedTypeFeaturing,Feature,TypeFeaturing,Yes,No,TypeFeaturing_owningFeatureOfType,,<p>The <code>ownedRelationships</code> of this <code>Feature</code> that are <code>TypeFeaturings</code> and for which the <code>Feature</code> is the <code>featureOfType</code>.</p>
Feature_ownedTyping,https://www.omg.org/spec/SysML#Feature_ownedTyping,ownedTyping,Feature,FeatureTyping,Yes,No,FeatureTyping_owningFeature,,"<p>The <code>ownedSpecializations</code> of this <code>Feature</code> that are <code>FeatureTypings</code>, for which the <code>Feature</code> is the <code>typedFeature</code>.</p>"
Feature_owningFeatureMembership,https://www.omg.org/spec/SysML#Feature_owningFeatureMembership,owningFeatureMembership,Feature,FeatureMembership,Yes,No,FeatureMembership_ownedMemberFeature,,"<p>The <code>FeatureMembership</code> that owns this <code>Feature</code> as an <code>ownedMemberFeature</code>, determining its <code>owningType</code>.</p>"
Feature_owningType,https://www.omg.org/spec/SysML#Feature_owningType,owningType,Feature,Type,No,No,Type_ownedFeature,Feature_featuringType,<p>The <code>Type</code> that is the <code>owningType</code> of the <code>owningFeatureMembership</code> of this <code>Feature</code>.</p>
FramedConcernMembership_ownedConcern,https://www.omg.org/spec/SysML#FramedConcernMembership_ownedConcern,ownedConcern,FramedConcernMembership,ConcernUsage,Yes,No,,RequirementConstraintMembership_ownedConstraint,<p>The <code>ConcernUsage</code> that is the <code>ownedConstraint</code> of this <code>FramedConcernMembership</code>.</p>
Namespace_ownedImport,https://www.omg.org/spec/SysML#Namespace_ownedImport,ownedImport,Namespace,Import,Yes,No,Import_importOwningNamespace,,"<p>The <code>ownedRelationships</code> of this <code>Namespace</code> that are <code>Imports</code>, for which the <code>Namespace</code> is the <code>importOwningNamespace</code>.</p>"
Namespace_ownedMember,https://www.omg.org/spec/SysML#Namespace_ownedMember,ownedMember,Namespace,Element,No,No,,Namespace_member,"<p>The owned <code>members</code> of this <code>Namespace</code>, which are the <cpde><code>ownedMemberElements</code> of the <code>ownedMemberships</code> of the <code>Namespace</code>.</p>"
Namespace_ownedMembership,https://www.omg.org/spec/SysML#Namespace_ownedMembership,ownedMembership,Namespace,Membership,Yes,No,Membership_membershipOwningNamespace,Namespace_membership,"<p>The <code>ownedRelationships</code> of this <code>Namespace</code> that are <code>Memberships</code>, for which the <code>Namespace</code> is the <code>membershipOwningNamespace</code>.</p>"
ObjectiveMembership_ownedObjectiveRequirement,https://www.omg.org/spec/SysML#ObjectiveMembership_ownedObjectiveRequirement,ownedObjectiveRequirement,ObjectiveMembership,RequirementUsage,Yes,No,,FeatureMembership_ownedMemberFeature,<p>The RequirementUsage that is the <code>ownedMemberFeature</code> of this RequirementUsage.</p>
OwningMembership_ownedMemberElement,https://www.omg.org/spec/SysML#OwningMembership_ownedMemberElement,ownedMemberElement,OwningMembership,Element,Yes,No,,Membership_memberElement | Relationship_ownedRelatedElement,<p>The <code>Element</code> that becomes an <code>ownedMember</code> of the <code>membershipOwningNamespace</code> due to this <code>OwningMembership</code>.</p>
ParameterMembership_ownedMemberParameter,https://www.omg.org/spec/SysML#ParameterMembership_ownedMemberParameter,ownedMemberParameter,ParameterMembership,Feature,Yes,No,,FeatureMembership_ownedMemberFeature,<p>The <code>Feature</code> that is identified as a <code>parameter</code> by this <code>ParameterMembership</code>.</p>
Relationship_ownedRelatedElement,https://www.omg.org/spec/SysML#Relationship_ownedRelatedElement,ownedRelatedElement,Relationship,Element,No,No,,Relationship_relatedElement,<p>The <tt>relatedElements</tt> of this Relationship that are owned by the Relationship.</p>
Relationship_owningRelatedElement,https://www.omg.org/spec/SysML#Relationship_owningRelatedElement,owningRelatedElement,Relationship,Element,Yes,No,,Relationship_relatedElement,"<p>The <tt>relatedElement</tt> of this Relationship that owns the Relationship, if any.</p>"
RequirementConstraintMembership_ownedConstraint,https://www.omg.org/spec/SysML#RequirementConstraintMembership_ownedConstraint,ownedConstraint,RequirementConstraintMembership,ConstraintUsage,Yes,No,,FeatureMembership_ownedMemberFeature,<p>The <code>ConstraintUsage</code> that is the <code>ownedMemberFeature</code> of this <code>RequirementConstraintMembership</code>.</p>
RequirementVerificationMembership_ownedRequirement,https://www.omg.org/spec/SysML#RequirementVerificationMembership_ownedRequirement,ownedRequirement,RequirementVerificationMembership,RequirementUsage,Yes,No,,RequirementConstraintMembership_ownedConstraint,"<p>The owned <code>RequirementUsage</code> that acts as the <code>ownedConstraint</code> for this <code>RequirementVerificationMembership</code>. This will either be the <code>verifiedRequirement</code>, or it will subset the <code>verifiedRequirement</code>.</p>"
ResultExpressionMembership_ownedResultExpression,https://www.omg.org/spec/SysML#ResultExpressionMembership_ownedResultExpression,ownedResultExpression,ResultExpressionMembership,Expression,Yes,No,,FeatureMembership_ownedMemberFeature,<p>The <code>Expression</code> that provides the result for the owner of the <code>ResultExpressionMembership</code>.</p>
Specialization_owningType,https://www.omg.org/spec/SysML#Specialization_owningType,owningType,Specialization,Type,Yes,No,,Relationship_owningRelatedElement | Specialization_specific,<p>The <code>Type</code> that is the <code>specific</code> <code>Type</code> of this <code>Specialization</code> and owns it as its <code>owningRelatedElement</code>.</p>
StakeholderMembership_ownedStakeholderParameter,https://www.omg.org/spec/SysML#StakeholderMembership_ownedStakeholderParameter,ownedStakeholderParameter,StakeholderMembership,PartUsage,Yes,No,,ParameterMembership_ownedMemberParameter,<p>The <code>PartUsage</code> specifying the stakeholder.</p>
Subclassification_owningClassifier,https://www.omg.org/spec/SysML#Subclassification_owningClassifier,owningClassifier,Subclassification,Classifier,Yes,No,,Specialization_owningType,"<p>The <code>Classifier</code> that owns this <code>Subclassification</code> relationship, which must also be its <code>subclassifier</code>.</p>"
SubjectMembership_ownedSubjectParameter,https://www.omg.org/spec/SysML#SubjectMembership_ownedSubjectParameter,ownedSubjectParameter,SubjectMembership,Usage,Yes,No,,ParameterMembership_ownedMemberParameter,<p>The <code>Usage</code< that is the <code>ownedMemberParameter</code> of this <code>SubjectMembership</code>.</p>
Subsetting_owningFeature,https://www.omg.org/spec/SysML#Subsetting_owningFeature,owningFeature,Subsetting,Feature,Yes,No,,Specialization_owningType | Subsetting_subsettingFeature,<p>A <code>subsettingFeature</code> that is also the <code>owningRelatedElement</code> of this <code>Subsetting</code>.</p>
TypeFeaturing_owningFeatureOfType,https://www.omg.org/spec/SysML#TypeFeaturing_owningFeatureOfType,owningFeatureOfType,TypeFeaturing,Feature,Yes,No,,Relationship_owningRelatedElement | TypeFeaturing_featureOfType,<p>A <code>featureOfType</code> that is also the <code>owningRelatedElement</code> of this <code>TypeFeaturing</code>.</p>
Type_ownedConjugator,https://www.omg.org/spec/SysML#Type_ownedConjugator,ownedConjugator,Type,Conjugation,Yes,No,Conjugation_owningType,,<p>A <code>Conjugation</code> owned by this <code>Type</code> for which the <code>Type</code> is the <code>originalType</code>.</p>
Type_ownedDifferencing,https://www.omg.org/spec/SysML#Type_ownedDifferencing,ownedDifferencing,Type,Differencing,Yes,No,Differencing_typeDifferenced,,"<p>The <code>ownedRelationships</code> of this <code>Type</code> that are <code>Differencings</code>, having this <code>Type</code> as their <code>typeDifferenced</code>.</p>"
Type_ownedDisjoining,https://www.omg.org/spec/SysML#Type_ownedDisjoining,ownedDisjoining,Type,Disjoining,Yes,No,Disjoining_owningType,,"<p>The <code>ownedRelationships</code> of this <code>Type</code> that are <code>Disjoinings</code>, for which the <code>Type</code> is the <code>typeDisjoined</code> <code>Type</code>.</p>"
Type_ownedEndFeature,https://www.omg.org/spec/SysML#Type_ownedEndFeature,ownedEndFeature,Type,Feature,No,No,,Type_endFeature | Type_ownedFeature,<p>All <code>endFeatures</code> of this <code>Type</code> that are <code>ownedFeatures</code>.</p>
Type_ownedFeature,https://www.omg.org/spec/SysML#Type_ownedFeature,ownedFeature,Type,Feature,No,No,,Namespace_ownedMember,<p>The <code>ownedMemberFeatures</code> of the <code>ownedFeatureMemberships</code> of this <code>Type</code>.</p>
Type_ownedFeatureMembership,https://www.omg.org/spec/SysML#Type_ownedFeatureMembership,ownedFeatureMembership,Type,FeatureMembership,Yes,No,FeatureMembership_owningType,Type_featureMembership,"<p>The <code>ownedMemberships</code> of this <code>Type</code> that are <code>FeatureMemberships</code>, for which the <code>Type</code> is the <code>owningType</code>. Each such <code>FeatureMembership</code> identifies an <code>ownedFeature</code> of the <code>Type</code>.</p>"
Type_ownedIntersecting,https://www.omg.org/spec/SysML#Type_ownedIntersecting,ownedIntersecting,Type,Intersecting,Yes,No,Intersecting_typeIntersected,,"<p>The <code>ownedRelationships</code> of this <code>Type</code> that are <code>Intersectings</code>, have the <code>Type</code> as their <code>typeIntersected</code>.</p>"
Type_ownedSpecialization,https://www.omg.org/spec/SysML#Type_ownedSpecialization,ownedSpecialization,Type,Specialization,Yes,No,Specialization_owningType,,"<p>The <code>ownedRelationships</code> of this <code>Type</code> that are <code>Specializations</code>, for which the <code>Type</code> is the <code>specific</code> <code>Type</code>.</p>"
Type_ownedUnioning,https://www.omg.org/spec/SysML#Type_ownedUnioning,ownedUnioning,Type,Unioning,Yes,No,Unioning_typeUnioned,,"<p>The <code>ownedRelationships</code> of this <code>Type</code> that are <code>Unionings</code>, having the <code>Type</code> as their <code>typeUnioned</code>.</p>"
Usage_owningDefinition,https://www.omg.org/spec/SysML#Usage_owningDefinition,owningDefinition,Usage,Definition,No,No,Definition_ownedUsage,,<p>The <code>Definition</code> that owns this <code>Usage</code> (if any).</p>
Usage_owningUsage,https://www.omg.org/spec/SysML#Usage_owningUsage,owningUsage,Usage,Usage,No,No,Usage_nestedUsage,,<p>The <code>Usage</code> in which this <code>Usage</code> is nested (if any).</p>
VariantMembership_ownedVariantUsage,https://www.omg.org/spec/SysML#VariantMembership_ownedVariantUsage,ownedVariantUsage,VariantMembership,Usage,Yes,No,,OwningMembership_ownedMemberElement,<p>The <code>Usage</code> that represents a variant in the context of the <code>owningVariationDefinition</code> or <code>owningVariationUsage</code>.</p>
ViewRenderingMembership_ownedRendering,https://www.omg.org/spec/SysML#ViewRenderingMembership_ownedRendering,ownedRendering,ViewRenderingMembership,RenderingUsage,Yes,No,,FeatureMembership_ownedMemberFeature,<p>The owned <code>RenderingUsage</code> that is either itself the <code>referencedRendering</code> or subsets the <code>referencedRendering</code>.
